<?xml version="1.0" encoding="utf-8"?>
<resources>
    <color name="purple_200">#FFBB86FC</color>
    <color name="purple_500">#FF6200EE</color>
    <color name="purple_700">#FF3700B3</color>
    <color name="teal_200">#FF03DAC5</color>
    <color name="teal_700">#FF018786</color>
    <color name="black">#FF000000</color>
    <color name="white">#FFFFFFFF</color>

    <color name="colorPrimary">#ffffff</color>
    <color name="colorPrimaryDark">#ffffff</color>
    <color name="colorAccent">#FF4081</color>
    <color name="transparent">#00000000</color>

    <color name="purple">#ac3ef9</color>
    <color name="blackTxt">#0d0e15</color>
    <color name="grayTxt">#8c8c8c</color>
    <color name="light_gray40">#8d95989a</color>

    <color name="fav">#fe2042</color>
    <color name="txt_color">#1f2833</color>
    <color name="active_color">#dd3e3e</color>
    <color name="inactive_color">#a0a0a0</color>
    <color name="myfav">#007aff</color>

    <color name="colorWhite">#FFFFFF</color>
    <color name="colorTranslucentWhite">#CCCCCC</color>



    <!--colors for modern ui-->
    <color name="whiteTextColor">#fff</color>
    <color name="primaryTextColor">#00a5ff</color>
</resources>