<resources>
    <string name="app_name">Enquiry</string>

    <string name="subtitle1">We are here to help you with an Android Source code</string>
    <string name="get_started">GET STARTED</string>

    <string name="back">Back</string>
    <string name="next">Next</string>
    <string name="finish">Finish</string>
    <!-- TODO: Remove or change this placeholder text -->
    <string name="message">Message</string>
    <string name="send">Send</string>
    <string name="email">Email</string>
    <string name="name">Name</string>
    <string name="mobno">Mobile No.</string>
    <string name="Location">Location</string>
</resources>