<resources xmlns:tools="http://schemas.android.com/tools">
    <!-- Base application theme. -->
    <style name="Theme.AnimatedBottomBar" parent="Theme.MaterialComponents.DayNight.NoActionBar">
        <!-- Primary brand color. -->
        <item name="colorPrimary">@color/purple_500</item>
        <item name="colorPrimaryVariant">@color/purple_700</item>
        <item name="colorOnPrimary">@color/white</item>
        <!-- Secondary brand color. -->
        <item name="colorSecondary">@color/teal_200</item>
        <item name="colorSecondaryVariant">@color/teal_700</item>
        <item name="colorOnSecondary">@color/black</item>
        <!-- Status bar color. -->
        <item name="android:statusBarColor" tools:targetApi="l">?attr/colorPrimaryVariant</item>
        <!-- Customize your theme here. -->
    </style>


    <style name="AppTheme.AppBarOverlay" parent="ThemeOverlay.AppCompat.Dark.ActionBar" >
        <item name="colorControlNormal">@color/whiteTextColor</item>
    </style>

    <style name="AppTheme.PopupOverlay" parent="ThemeOverlay.AppCompat.Light" />



    <style name="parent">
        <item name="android:layout_width">match_parent</item>
        <item name="android:layout_height">wrap_content</item>
    </style>

    <style name="modifiedEditText" parent="parent">
        <item name="android:textSize">@dimen/newsMoreTextSize</item>
        <item name="android:backgroundTint">@color/primaryTextColor</item>
    </style>


    <style name="centreLocatorCardDesign">
        <item name="android:layout_width">match_parent</item>
        <item name="android:layout_height">match_parent</item>
        <item name="android:layout_centerInParent">true</item>
        <item name="android:layout_marginBottom">5dp</item>
        <item name="android:layout_marginTop">5dp</item>
        <item name="android:layout_marginLeft">5dp</item>
        <item name="android:layout_marginRight">5dp</item>
        <item name="android:layout_gravity">center</item>
    </style>


</resources>